voter,role,country,gender,voter_url
Lenny Abrahamson,director,Ireland,Male,https://www2.bfi.org.uk/films-tv-people/sightandsoundpoll2012/voter/1033
Newton Aduaka,director,Nigerla,Male,https://www2.bfi.org.uk/films-tv-people/sightandsoundpoll2012/voter/1090
Alejandro Agresti,director,Argentina,Male,https://www2.bfi.org.uk/films-tv-people/sightandsoundpoll2012/voter/855
Pedro Aguilera,director,Spain,Male,https://www2.bfi.org.uk/films-tv-people/sightandsoundpoll2012/voter/1115
Ashim Ahluwalia,director,India,Male,https://www2.bfi.org.uk/films-tv-people/sightandsoundpoll2012/voter/886
Mania Akbari,director,Iran,Female,https://www2.bfi.org.uk/films-tv-people/sightandsoundpoll2012/voter/1046
Mohamed Al-Daradji,director,Iraq/Holland,Male,https://www2.bfi.org.uk/films-tv-people/sightandsoundpoll2012/voter/1081
Woody Allen,director,US,Male,https://www2.bfi.org.uk/films-tv-people/sightandsoundpoll2012/voter/1200
Lisandro Alonso,director,Argentina,Male,https://www2.bfi.org.uk/films-tv-people/sightandsoundpoll2012/voter/1035
Tata Amaral,director,Brazil,Female,https://www2.bfi.org.uk/films-tv-people/sightandsoundpoll2012/voter/1180
Suzana Amaral,director,Brazil,Female,https://www2.bfi.org.uk/films-tv-people/sightandsoundpoll2012/voter/1178
Thom Andersen,director,US,Male,https://www2.bfi.org.uk/films-tv-people/sightandsoundpoll2012/voter/1183
Roy Andersson,director,Sweden,Male,https://www2.bfi.org.uk/films-tv-people/sightandsoundpoll2012/voter/1154
Arild Andresen,director,Norway,Male,https://www2.bfi.org.uk/films-tv-people/sightandsoundpoll2012/voter/884
Mauro Andrizzi,director,Argentina,Male,https://www2.bfi.org.uk/films-tv-people/sightandsoundpoll2012/voter/1063
Joko Anwar,director,Indonesia,Male,https://www2.bfi.org.uk/films-tv-people/sightandsoundpoll2012/voter/1002
Michael Apted,director,UK,Male,https://www2.bfi.org.uk/films-tv-people/sightandsoundpoll2012/voter/1065
Gregg Araki,director,US,Male,https://www2.bfi.org.uk/films-tv-people/sightandsoundpoll2012/voter/961
Aditya Assarat,director,Thailand,Male,https://www2.bfi.org.uk/films-tv-people/sightandsoundpoll2012/voter/849
Olivier Assayas,director,France,Male,https://www2.bfi.org.uk/films-tv-people/sightandsoundpoll2012/voter/1099
Kutlug Ataman,director,Turkey,Male,https://www2.bfi.org.uk/films-tv-people/sightandsoundpoll2012/voter/1029
Ahmed Atef,director,Egypt,Male,https://www2.bfi.org.uk/films-tv-people/sightandsoundpoll2012/voter/852
Richard Ayoade,director,UK,Male,https://www2.bfi.org.uk/films-tv-people/sightandsoundpoll2012/voter/1142
Clio Barnard,director,UK,Female,https://www2.bfi.org.uk/films-tv-people/sightandsoundpoll2012/voter/915
Jiří Barta,director,Czech Republic,Male,https://www2.bfi.org.uk/films-tv-people/sightandsoundpoll2012/voter/993
Juan Antonio Bayona,director,Spain,Male,https://www2.bfi.org.uk/films-tv-people/sightandsoundpoll2012/voter/1011
Henry Bean,director,US,Male,https://www2.bfi.org.uk/films-tv-people/sightandsoundpoll2012/voter/970
Hagar Ben-Asher,director,Israel,Female,https://www2.bfi.org.uk/films-tv-people/sightandsoundpoll2012/voter/965
Faouzi Bensaïdi,director,Morocco,Male,https://www2.bfi.org.uk/films-tv-people/sightandsoundpoll2012/voter/943
Susanne Bier,director,Denmark,Female,https://www2.bfi.org.uk/films-tv-people/sightandsoundpoll2012/voter/1177
Andrew Birkin,director,UK,Male,https://www2.bfi.org.uk/films-tv-people/sightandsoundpoll2012/voter/866
Les Blank,director,UK,Male,https://www2.bfi.org.uk/films-tv-people/sightandsoundpoll2012/voter/1034
Ole Bornedal,director,Denmark,Male,https://www2.bfi.org.uk/films-tv-people/sightandsoundpoll2012/voter/1097
Don Boyd,director,UK,Male,https://www2.bfi.org.uk/films-tv-people/sightandsoundpoll2012/voter/931
Kenneth Branagh,director,UK,Male,https://www2.bfi.org.uk/films-tv-people/sightandsoundpoll2012/voter/1020
Janez Burger,director,Slovenia,Male,https://www2.bfi.org.uk/films-tv-people/sightandsoundpoll2012/voter/984
Charles Burnett,director,US,Male,https://www2.bfi.org.uk/films-tv-people/sightandsoundpoll2012/voter/910
Paul Bush,director,UK,Male,https://www2.bfi.org.uk/films-tv-people/sightandsoundpoll2012/voter/1109
Juan Campanella,director,Argentina,Male,https://www2.bfi.org.uk/films-tv-people/sightandsoundpoll2012/voter/1012
Antonio Campos,director,US,Male,https://www2.bfi.org.uk/films-tv-people/sightandsoundpoll2012/voter/881
Nae Caranfil,director,Romania,Male,https://www2.bfi.org.uk/films-tv-people/sightandsoundpoll2012/voter/1086
Niki Caro,director,New Zealand/US,Female,https://www2.bfi.org.uk/films-tv-people/sightandsoundpoll2012/voter/1093
Michael Caton Jones,director,UK,Male,https://www2.bfi.org.uk/films-tv-people/sightandsoundpoll2012/voter/1066
Joseph Cedar,director,US,Male,https://www2.bfi.org.uk/films-tv-people/sightandsoundpoll2012/voter/1008
Nuri Bilge Ceylan,director,Turkey,Male,https://www2.bfi.org.uk/films-tv-people/sightandsoundpoll2012/voter/1095
Evans Chan,director,China/Hong Kong/US,Male,https://www2.bfi.org.uk/films-tv-people/sightandsoundpoll2012/voter/942
Andrew Yusu Cheng,director,China,Male,https://www2.bfi.org.uk/films-tv-people/sightandsoundpoll2012/voter/870
Vidhu Vinod Chopra,director,India,Male,https://www2.bfi.org.uk/films-tv-people/sightandsoundpoll2012/voter/1192
Thomas Clay,director,UK,Male,https://www2.bfi.org.uk/films-tv-people/sightandsoundpoll2012/voter/1184
Fernando Colomo,director,Spain,Male,https://www2.bfi.org.uk/films-tv-people/sightandsoundpoll2012/voter/946
Francis Ford Coppola,director,US,Male,https://www2.bfi.org.uk/films-tv-people/sightandsoundpoll2012/voter/948
Anton Corbijn,director,Netherlands,Male,https://www2.bfi.org.uk/films-tv-people/sightandsoundpoll2012/voter/880
Rodrigo Cortés,director,Spain,Male,https://www2.bfi.org.uk/films-tv-people/sightandsoundpoll2012/voter/1149
Edgardo Cozarinsky,director,Argentina,Male,https://www2.bfi.org.uk/films-tv-people/sightandsoundpoll2012/voter/935
Marian Crisan,director,Romania,Male,https://www2.bfi.org.uk/films-tv-people/sightandsoundpoll2012/voter/1054
Phan Dang-Di,director,Vietnam,Male,https://www2.bfi.org.uk/films-tv-people/sightandsoundpoll2012/voter/1128
Jean-Pierre & Luc Dardenne,director,Belgium,Male,https://www2.bfi.org.uk/films-tv-people/sightandsoundpoll2012/voter/989
Terence Davies,director,UK,Male,https://www2.bfi.org.uk/films-tv-people/sightandsoundpoll2012/voter/1181
Peter Davis,director,US,Male,https://www2.bfi.org.uk/films-tv-people/sightandsoundpoll2012/voter/1119
Rolf de Heer,director,Australia,Male,https://www2.bfi.org.uk/films-tv-people/sightandsoundpoll2012/voter/1152
Manoel de Oliveira,director,Portugal,Male,https://www2.bfi.org.uk/films-tv-people/sightandsoundpoll2012/voter/1047
José María de Orbe,director,Spain,Male,https://www2.bfi.org.uk/films-tv-people/sightandsoundpoll2012/voter/1007
Tacita Dean,director,UK,Female,https://www2.bfi.org.uk/films-tv-people/sightandsoundpoll2012/voter/1179
Guillermo del Toro,director,Mexico,Male,https://www2.bfi.org.uk/films-tv-people/sightandsoundpoll2012/voter/962
Jeremy Deller,director,UK,Male,https://www2.bfi.org.uk/films-tv-people/sightandsoundpoll2012/voter/992
Andrés Di Tella,director,Argentina,Male,https://www2.bfi.org.uk/films-tv-people/sightandsoundpoll2012/voter/865
Andrew Dominik,director,Australia,Male,https://www2.bfi.org.uk/films-tv-people/sightandsoundpoll2012/voter/867
Andreas Dresen,director,Germany,Male,https://www2.bfi.org.uk/films-tv-people/sightandsoundpoll2012/voter/863
Sara Driver,director,US,Female,https://www2.bfi.org.uk/films-tv-people/sightandsoundpoll2012/voter/1161
Michael Dudok de Wit,director,Netherlands/UK,Male,https://www2.bfi.org.uk/films-tv-people/sightandsoundpoll2012/voter/1067
Jay Duplass,director,US,Male,https://www2.bfi.org.uk/films-tv-people/sightandsoundpoll2012/voter/986
Sean Durkin,director,US,Male,https://www2.bfi.org.uk/films-tv-people/sightandsoundpoll2012/voter/1164
Marco Dutra,director,Brazil,Male,https://www2.bfi.org.uk/films-tv-people/sightandsoundpoll2012/voter/1053
Amit Dutta,director,India,Male,https://www2.bfi.org.uk/films-tv-people/sightandsoundpoll2012/voter/860
Sergey Dvortsevoy,director,Kazakhstan,Male,https://www2.bfi.org.uk/films-tv-people/sightandsoundpoll2012/voter/1165
Edwin,director,Indonesia,Male,https://www2.bfi.org.uk/films-tv-people/sightandsoundpoll2012/voter/936
Nicolás Echevarría,director,Mexico,Male,https://www2.bfi.org.uk/films-tv-people/sightandsoundpoll2012/voter/1091
Gareth Edwards,director,UK,Male,https://www2.bfi.org.uk/films-tv-people/sightandsoundpoll2012/voter/950
Atom Egoyan,director,Canada,Male,https://www2.bfi.org.uk/films-tv-people/sightandsoundpoll2012/voter/889
Heinz Emigholz,director,Germany,Male,https://www2.bfi.org.uk/films-tv-people/sightandsoundpoll2012/voter/968
Amat Escalante,director,Mexico,Male,https://www2.bfi.org.uk/films-tv-people/sightandsoundpoll2012/voter/859
Richard Eyre,director,UK,Male,https://www2.bfi.org.uk/films-tv-people/sightandsoundpoll2012/voter/1143
Asghar Farhadi,director,Iran,Male,https://www2.bfi.org.uk/films-tv-people/sightandsoundpoll2012/voter/1204
Peter Farrelly,director,US,Male,https://www2.bfi.org.uk/films-tv-people/sightandsoundpoll2012/voter/1120
Pablo Fendrik,director,Argentina,Male,https://www2.bfi.org.uk/films-tv-people/sightandsoundpoll2012/voter/1100
Abel Ferrara,director,US,Male,https://www2.bfi.org.uk/films-tv-people/sightandsoundpoll2012/voter/848
Manuel Ferrari,director,Argentina,Male,https://www2.bfi.org.uk/films-tv-people/sightandsoundpoll2012/voter/1049
Sophie Fiennes,director,UK,Female,https://www2.bfi.org.uk/films-tv-people/sightandsoundpoll2012/voter/1173
Mike Figgis,director,UK,Male,https://www2.bfi.org.uk/films-tv-people/sightandsoundpoll2012/voter/1073
Morgan Fisher,director,US,Male,https://www2.bfi.org.uk/films-tv-people/sightandsoundpoll2012/voter/1084
Bence Fliegauf,director,Hungary,Male,https://www2.bfi.org.uk/films-tv-people/sightandsoundpoll2012/voter/899
Juan Carlos Fresnadillo,director,Spain,Male,https://www2.bfi.org.uk/films-tv-people/sightandsoundpoll2012/voter/1013
Cyrus Frisch,director,Netherlands,Male,https://www2.bfi.org.uk/films-tv-people/sightandsoundpoll2012/voter/920
Robert Gardner,director,US,Male,https://www2.bfi.org.uk/films-tv-people/sightandsoundpoll2012/voter/1148
John Gianvito,director,US,Male,https://www2.bfi.org.uk/films-tv-people/sightandsoundpoll2012/voter/999
Pablo Giorgelli,director,Argentina,Male,https://www2.bfi.org.uk/films-tv-people/sightandsoundpoll2012/voter/1101
Amos Gitai,director,Israel,Male,https://www2.bfi.org.uk/films-tv-people/sightandsoundpoll2012/voter/861
Michael Glawogger,director,Austria,Male,https://www2.bfi.org.uk/films-tv-people/sightandsoundpoll2012/voter/1068
Jonathan Glazer,director,UK,Male,https://www2.bfi.org.uk/films-tv-people/sightandsoundpoll2012/voter/1003
Srdan Golubovic,director,Serbia,Male,https://www2.bfi.org.uk/films-tv-people/sightandsoundpoll2012/voter/1174
Miguel Gomes,director,Portugal,Male,https://www2.bfi.org.uk/films-tv-people/sightandsoundpoll2012/voter/1070
Adoor Gopalakrishnan,director,India,Male,https://www2.bfi.org.uk/films-tv-people/sightandsoundpoll2012/voter/850
Eugène Green,director,France,Male,https://www2.bfi.org.uk/films-tv-people/sightandsoundpoll2012/voter/941
Paul Greengrass,director,UK,Male,https://www2.bfi.org.uk/films-tv-people/sightandsoundpoll2012/voter/1110
Valeska Grisebach,director,Germany,Female,https://www2.bfi.org.uk/films-tv-people/sightandsoundpoll2012/voter/1190
Rajko Grlic,director,Croatia,Male,https://www2.bfi.org.uk/films-tv-people/sightandsoundpoll2012/voter/1136
Luca Guadagnino,director,Italy,Male,https://www2.bfi.org.uk/films-tv-people/sightandsoundpoll2012/voter/1039
José Luis Guerín,director,Spain,Male,https://www2.bfi.org.uk/films-tv-people/sightandsoundpoll2012/voter/1005
Patricio Guzmán,director,Chile,Male,https://www2.bfi.org.uk/films-tv-people/sightandsoundpoll2012/voter/1106
Mani Haghighi,director,Iran,Male,https://www2.bfi.org.uk/films-tv-people/sightandsoundpoll2012/voter/1045
Andrew Haigh,director,UK,Male,https://www2.bfi.org.uk/films-tv-people/sightandsoundpoll2012/voter/868
Marwan Hamed,director,Egypt,Male,https://www2.bfi.org.uk/films-tv-people/sightandsoundpoll2012/voter/1059
Mia Hansen-Løve,director,France,Female,https://www2.bfi.org.uk/films-tv-people/sightandsoundpoll2012/voter/1064
David Hare,director,UK,Male,https://www2.bfi.org.uk/films-tv-people/sightandsoundpoll2012/voter/925
Michel Hazanavicius,director,France,Male,https://www2.bfi.org.uk/films-tv-people/sightandsoundpoll2012/voter/1205
Monte Hellman,director,US,Male,https://www2.bfi.org.uk/films-tv-people/sightandsoundpoll2012/voter/1083
Kore-eda Hirokazu,director,Japan,Male,https://www2.bfi.org.uk/films-tv-people/sightandsoundpoll2012/voter/1027
Christoph Hochhäusler,director,Germany,Male,https://www2.bfi.org.uk/films-tv-people/sightandsoundpoll2012/voter/914
Mike Hodges,director,UK,Male,https://www2.bfi.org.uk/films-tv-people/sightandsoundpoll2012/voter/1074
PJ Hogan,director,Australia,Male,https://www2.bfi.org.uk/films-tv-people/sightandsoundpoll2012/voter/1133
Joanna Hogg,director,UK,Female,https://www2.bfi.org.uk/films-tv-people/sightandsoundpoll2012/voter/996
Agnieszka Holland,director,Poland,Female,https://www2.bfi.org.uk/films-tv-people/sightandsoundpoll2012/voter/851
Ben Hopkins,director,UK,Male,https://www2.bfi.org.uk/films-tv-people/sightandsoundpoll2012/voter/896
Duane Hopkins,director,UK,Male,https://www2.bfi.org.uk/films-tv-people/sightandsoundpoll2012/voter/932
Ann Hui,director,China,Female,https://www2.bfi.org.uk/films-tv-people/sightandsoundpoll2012/voter/876
Neil Hunter,director,UK,Male,https://www2.bfi.org.uk/films-tv-people/sightandsoundpoll2012/voter/1089
Ik-June Yang,director,South Korea,Male,https://www2.bfi.org.uk/films-tv-people/sightandsoundpoll2012/voter/974
Isamu Hirabayashi,director,Japan,Male,https://www2.bfi.org.uk/films-tv-people/sightandsoundpoll2012/voter/978
Annemarie Jacir,director,Palestine,Female,https://www2.bfi.org.uk/films-tv-people/sightandsoundpoll2012/voter/878
Babak Jalali,director,Iran,Male,https://www2.bfi.org.uk/films-tv-people/sightandsoundpoll2012/voter/891
Julian Jarrold,director,UK,Male,https://www2.bfi.org.uk/films-tv-people/sightandsoundpoll2012/voter/1015
Han Jie,director,China,Male,https://www2.bfi.org.uk/films-tv-people/sightandsoundpoll2012/voter/967
Cristián Jiménez,director,Chile,Male,https://www2.bfi.org.uk/films-tv-people/sightandsoundpoll2012/voter/918
Terry Jones,director,UK,Male,https://www2.bfi.org.uk/films-tv-people/sightandsoundpoll2012/voter/1182
William E Jones,director,US,Male,https://www2.bfi.org.uk/films-tv-people/sightandsoundpoll2012/voter/1198
Bong Joon-ho,director,South Korea,Male,https://www2.bfi.org.uk/films-tv-people/sightandsoundpoll2012/voter/902
Khalil Joreige,director,Lebanon,Male,https://www2.bfi.org.uk/films-tv-people/sightandsoundpoll2012/voter/1023
Radu Jude,director,Romania,Male,https://www2.bfi.org.uk/films-tv-people/sightandsoundpoll2012/voter/1135
Miranda July,director,US,Female,https://www2.bfi.org.uk/films-tv-people/sightandsoundpoll2012/voter/1080
Gaston Kaboré,director,Burkina Faso,Male,https://www2.bfi.org.uk/films-tv-people/sightandsoundpoll2012/voter/954
Vlado Skafar,director,Slovenia,Male,https://www2.bfi.org.uk/films-tv-people/sightandsoundpoll2012/voter/1193
Wanuri Kahiu,director,Kenya,Female,https://www2.bfi.org.uk/films-tv-people/sightandsoundpoll2012/voter/1195
Asif Kapadia,director,UK,Male,https://www2.bfi.org.uk/films-tv-people/sightandsoundpoll2012/voter/887
Lawrence Kasdan,director,US,Male,https://www2.bfi.org.uk/films-tv-people/sightandsoundpoll2012/voter/1032
Anurag Kashyap,director,India,Male,https://www2.bfi.org.uk/films-tv-people/sightandsoundpoll2012/voter/882
Aaron Katz,director,US,Male,https://www2.bfi.org.uk/films-tv-people/sightandsoundpoll2012/voter/847
Lloyd Kaufman,director,US,Male,https://www2.bfi.org.uk/films-tv-people/sightandsoundpoll2012/voter/1036
Aki Kaurismäki,director,Finland,Male,https://www2.bfi.org.uk/films-tv-people/sightandsoundpoll2012/voter/853
Mika Kaurismäki,director,Finland,Male,https://www2.bfi.org.uk/films-tv-people/sightandsoundpoll2012/voter/1071
Patrick Keiller,director,UK,Male,https://www2.bfi.org.uk/films-tv-people/sightandsoundpoll2012/voter/1107
Fred Kelemen,director,Germany/Hungary,Male,https://www2.bfi.org.uk/films-tv-people/sightandsoundpoll2012/voter/949
Lodge Kerrigan,director,US,Male,https://www2.bfi.org.uk/films-tv-people/sightandsoundpoll2012/voter/1037
Hammad Khan,director,Pakistan,Male,https://www2.bfi.org.uk/films-tv-people/sightandsoundpoll2012/voter/966
Mohamed Khan,director,Egypt/Pakistan,Male,https://www2.bfi.org.uk/films-tv-people/sightandsoundpoll2012/voter/1082
Anja Kirschner,director,UK/Germany,Female,https://www2.bfi.org.uk/films-tv-people/sightandsoundpoll2012/voter/875
Helena Koder,director,Slovenia,Female,https://www2.bfi.org.uk/films-tv-people/sightandsoundpoll2012/voter/969
Ulrich Köhler,director,Germany,Male,https://www2.bfi.org.uk/films-tv-people/sightandsoundpoll2012/voter/1188
Eran Kolirin,director,Israel,Male,https://www2.bfi.org.uk/films-tv-people/sightandsoundpoll2012/voter/939
Baltasar Komákur,director,Iceland,Male,https://www2.bfi.org.uk/films-tv-people/sightandsoundpoll2012/voter/894
Andrey Konchalovsky,director,Russia,Male,https://www2.bfi.org.uk/films-tv-people/sightandsoundpoll2012/voter/871
Martin Koolhoven,director,Netherlands,Male,https://www2.bfi.org.uk/films-tv-people/sightandsoundpoll2012/voter/1056
Peter Kosminsky,director,UK,Male,https://www2.bfi.org.uk/films-tv-people/sightandsoundpoll2012/voter/1121
Andrew Kötting,director,UK,Male,https://www2.bfi.org.uk/films-tv-people/sightandsoundpoll2012/voter/869
Damjan Kozole,director,Slovenia,Male,https://www2.bfi.org.uk/films-tv-people/sightandsoundpoll2012/voter/921
Jurgis Krasons,director,Latvia,Male,https://www2.bfi.org.uk/films-tv-people/sightandsoundpoll2012/voter/1016
Tony Krawitz,director,Australia,Male,https://www2.bfi.org.uk/films-tv-people/sightandsoundpoll2012/voter/1186
Justin Kurzel,director,Australia,Male,https://www2.bfi.org.uk/films-tv-people/sightandsoundpoll2012/voter/1017
Stanley Kwan,director,Hong Kong,Male,https://www2.bfi.org.uk/films-tv-people/sightandsoundpoll2012/voter/1175
Richard Kwietniowski,director,UK,Male,https://www2.bfi.org.uk/films-tv-people/sightandsoundpoll2012/voter/1144
Bruce LaBruce,director,Canada,Male,https://www2.bfi.org.uk/films-tv-people/sightandsoundpoll2012/voter/903
Isaki Lacuesta,director,Spain,Male,https://www2.bfi.org.uk/films-tv-people/sightandsoundpoll2012/voter/977
Nadav Lapid,director,Israel,Male,https://www2.bfi.org.uk/films-tv-people/sightandsoundpoll2012/voter/1085
Pablo Larraín,director,Chile,Male,https://www2.bfi.org.uk/films-tv-people/sightandsoundpoll2012/voter/1102
Joe Lawlor,director,UK,Male,https://www2.bfi.org.uk/films-tv-people/sightandsoundpoll2012/voter/997
Ray Lawrence,director,Australia,Male,https://www2.bfi.org.uk/films-tv-people/sightandsoundpoll2012/voter/1139
Isild Le Besco,director,France,Female,https://www2.bfi.org.uk/films-tv-people/sightandsoundpoll2012/voter/979
Malcolm Le Grice,director,UK,Male,https://www2.bfi.org.uk/films-tv-people/sightandsoundpoll2012/voter/1043
Mike Leigh,director,UK,Male,https://www2.bfi.org.uk/films-tv-people/sightandsoundpoll2012/voter/1075
José Luis Torres Leiva,director,Chile,Male,https://www2.bfi.org.uk/films-tv-people/sightandsoundpoll2012/voter/1006
David Leland,director,UK,Male,https://www2.bfi.org.uk/films-tv-people/sightandsoundpoll2012/voter/926
Pierre Leon,director,France,Male,https://www2.bfi.org.uk/films-tv-people/sightandsoundpoll2012/voter/1131
Nanouk Leopold,director,Netherlands,Female,https://www2.bfi.org.uk/films-tv-people/sightandsoundpoll2012/voter/1088
Richard Lester,director,US/UK,Male,https://www2.bfi.org.uk/films-tv-people/sightandsoundpoll2012/voter/1145
Jørgen Leth,director,Denmark,Male,https://www2.bfi.org.uk/films-tv-people/sightandsoundpoll2012/voter/1004
Ying Liang,director,China,Male,https://www2.bfi.org.uk/films-tv-people/sightandsoundpoll2012/voter/1201
Kevin MacDonald,director,UK,Male,https://www2.bfi.org.uk/films-tv-people/sightandsoundpoll2012/voter/1022
Tiago Mata Machado,director,Brazil,Male,https://www2.bfi.org.uk/films-tv-people/sightandsoundpoll2012/voter/1185
Gillies Mackinnon,director,UK,Male,https://www2.bfi.org.uk/films-tv-people/sightandsoundpoll2012/voter/957
Guy Maddin,director,Canada,Male,https://www2.bfi.org.uk/films-tv-people/sightandsoundpoll2012/voter/963
Shinozaki Makoto,director,Japan,Male,https://www2.bfi.org.uk/films-tv-people/sightandsoundpoll2012/voter/1168
Milcho Manchevski,director,Macedonia,Male,https://www2.bfi.org.uk/films-tv-people/sightandsoundpoll2012/voter/1077
Michael Mann,director,US,Male,https://www2.bfi.org.uk/films-tv-people/sightandsoundpoll2012/voter/1069
Måns Månsson,director,Sweden,Male,https://www2.bfi.org.uk/films-tv-people/sightandsoundpoll2012/voter/1048
Pia Marais,director,Germany,Female,https://www2.bfi.org.uk/films-tv-people/sightandsoundpoll2012/voter/1130
Karl Markovics,director,Austria,Male,https://www2.bfi.org.uk/films-tv-people/sightandsoundpoll2012/voter/1018
James Marsh,director,UK,Male,https://www2.bfi.org.uk/films-tv-people/sightandsoundpoll2012/voter/980
Raya Martin,director,Philippines,Male,https://www2.bfi.org.uk/films-tv-people/sightandsoundpoll2012/voter/1140
Khalo Matabane,director,South Africa,Male,https://www2.bfi.org.uk/films-tv-people/sightandsoundpoll2012/voter/1024
John Michael McDonagh,director,Ireland,Male,https://www2.bfi.org.uk/films-tv-people/sightandsoundpoll2012/voter/1001
Martin McDonagh,director,Ireland,Male,https://www2.bfi.org.uk/films-tv-people/sightandsoundpoll2012/voter/1057
John McNaughton,director,US,Male,https://www2.bfi.org.uk/films-tv-people/sightandsoundpoll2012/voter/1000
Steve McQueen,director,UK,Male,https://www2.bfi.org.uk/films-tv-people/sightandsoundpoll2012/voter/1176
Fernando Meirelles,director,Brazil,Male,https://www2.bfi.org.uk/films-tv-people/sightandsoundpoll2012/voter/947
Sam Mendes,director,UK/US,Male,https://www2.bfi.org.uk/films-tv-people/sightandsoundpoll2012/voter/1157
Josué Méndez,director,Peru,Male,https://www2.bfi.org.uk/films-tv-people/sightandsoundpoll2012/voter/1010
Kleber Mendonça Filho,director,Brazil,Male,https://www2.bfi.org.uk/films-tv-people/sightandsoundpoll2012/voter/1026
Jiri Menzel,director,Czech Republic,Male,https://www2.bfi.org.uk/films-tv-people/sightandsoundpoll2012/voter/994
Saul Metzstein,director,UK,Male,https://www2.bfi.org.uk/films-tv-people/sightandsoundpoll2012/voter/1163
Roger Michell,director,UK,Male,https://www2.bfi.org.uk/films-tv-people/sightandsoundpoll2012/voter/1151
David Michôd,director,Australia,Male,https://www2.bfi.org.uk/films-tv-people/sightandsoundpoll2012/voter/927
Luis Miñarro,director,Spain,Male,https://www2.bfi.org.uk/films-tv-people/sightandsoundpoll2012/voter/1040
Mingchuam Huang,director,Taiwan,Male,https://www2.bfi.org.uk/films-tv-people/sightandsoundpoll2012/voter/1078
Tsai Ming-Liang,director,Taiwan,Male,https://www2.bfi.org.uk/films-tv-people/sightandsoundpoll2012/voter/1187
Santiago Mitre,director,Argentina,Male,https://www2.bfi.org.uk/films-tv-people/sightandsoundpoll2012/voter/1160
Christine Molloy,director,UK,Female,https://www2.bfi.org.uk/films-tv-people/sightandsoundpoll2012/voter/913
Lukas Moodysson,director,Sweden,Male,https://www2.bfi.org.uk/films-tv-people/sightandsoundpoll2012/voter/1041
Carol Morley,director,UK,Female,https://www2.bfi.org.uk/films-tv-people/sightandsoundpoll2012/voter/906
Samantha Morton,director,UK,Female,https://www2.bfi.org.uk/films-tv-people/sightandsoundpoll2012/voter/1158
Bahman Motamedian,director,Iran,Male,https://www2.bfi.org.uk/films-tv-people/sightandsoundpoll2012/voter/893
Greg Mottola,director,US,Male,https://www2.bfi.org.uk/films-tv-people/sightandsoundpoll2012/voter/960
Manuel Mozos,director,Portugal,Male,https://www2.bfi.org.uk/films-tv-people/sightandsoundpoll2012/voter/1050
Matthias Müller,director,Germany,Male,https://www2.bfi.org.uk/films-tv-people/sightandsoundpoll2012/voter/1062
Marc Munden,director,UK,Male,https://www2.bfi.org.uk/films-tv-people/sightandsoundpoll2012/voter/1051
Celina Murga,director,Argentina,Female,https://www2.bfi.org.uk/films-tv-people/sightandsoundpoll2012/voter/908
Raphael Nadjari,director,France,Male,https://www2.bfi.org.uk/films-tv-people/sightandsoundpoll2012/voter/1137
Najwa Najjar,director,Palestine/Jordan,Female,https://www2.bfi.org.uk/films-tv-people/sightandsoundpoll2012/voter/1087
Gerardo Naranjo,director,Mexico,Male,https://www2.bfi.org.uk/films-tv-people/sightandsoundpoll2012/voter/955
Shirin Neshat,director,Iran/US,Female,https://www2.bfi.org.uk/films-tv-people/sightandsoundpoll2012/voter/1169
Daniel Nettheim,director,Australia,Male,https://www2.bfi.org.uk/films-tv-people/sightandsoundpoll2012/voter/922
Mike Newell,director,UK,Male,https://www2.bfi.org.uk/films-tv-people/sightandsoundpoll2012/voter/1076
Jeff Nichols,director,US,Male,https://www2.bfi.org.uk/films-tv-people/sightandsoundpoll2012/voter/991
Angelina Nikonova,director,Russia,Female,https://www2.bfi.org.uk/films-tv-people/sightandsoundpoll2012/voter/874
Gaspar Noé,director,France,Male,https://www2.bfi.org.uk/films-tv-people/sightandsoundpoll2012/voter/953
Garin Nugroho,director,Indonesia,Male,https://www2.bfi.org.uk/films-tv-people/sightandsoundpoll2012/voter/951
Sharmeen Obaid-Chinoy,director,Pakistan,Female,https://www2.bfi.org.uk/films-tv-people/sightandsoundpoll2012/voter/1166
Akin Omotoso,director,Nigeria,Male,https://www2.bfi.org.uk/films-tv-people/sightandsoundpoll2012/voter/854
Horace Ové,director,UK,Male,https://www2.bfi.org.uk/films-tv-people/sightandsoundpoll2012/voter/973
Laila Pakalnina,director,Latvia,Female,https://www2.bfi.org.uk/films-tv-people/sightandsoundpoll2012/voter/1030
György Pálfi,director,Hungary,Male,https://www2.bfi.org.uk/films-tv-people/sightandsoundpoll2012/voter/964
David Panos,director,UK/Greece,Male,https://www2.bfi.org.uk/films-tv-people/sightandsoundpoll2012/voter/929
Philippe Parreno,director,Algeria/France,Male,https://www2.bfi.org.uk/films-tv-people/sightandsoundpoll2012/voter/1129
Pawel Pawlikowski,director,UK/Poland,Male,https://www2.bfi.org.uk/films-tv-people/sightandsoundpoll2012/voter/1114
Babak Payami,director,Iran,Male,https://www2.bfi.org.uk/films-tv-people/sightandsoundpoll2012/voter/892
Ron Peck,director,UK,Male,https://www2.bfi.org.uk/films-tv-people/sightandsoundpoll2012/voter/1153
Edgar Pêra,director,Portugal,Male,https://www2.bfi.org.uk/films-tv-people/sightandsoundpoll2012/voter/933
Chris Petit,director,UK,Male,https://www2.bfi.org.uk/films-tv-people/sightandsoundpoll2012/voter/911
Norbert Pfaffenbichler,director,Austria,Male,https://www2.bfi.org.uk/films-tv-people/sightandsoundpoll2012/voter/1094
Nicolas Philibert,director,France,Male,https://www2.bfi.org.uk/films-tv-people/sightandsoundpoll2012/voter/1092
Matías Piñeiro,director,Argentina,Male,https://www2.bfi.org.uk/films-tv-people/sightandsoundpoll2012/voter/1060
Amos Poe,director,US,Male,https://www2.bfi.org.uk/films-tv-people/sightandsoundpoll2012/voter/862
Ventura Pons,director,Spain,Male,https://www2.bfi.org.uk/films-tv-people/sightandsoundpoll2012/voter/1191
Constantin Popescu,director,Romania,Male,https://www2.bfi.org.uk/films-tv-people/sightandsoundpoll2012/voter/916
Alexei Popogrebsky,director,Russia,Male,https://www2.bfi.org.uk/films-tv-people/sightandsoundpoll2012/voter/857
Pere Portabella,director,Spain,Male,https://www2.bfi.org.uk/films-tv-people/sightandsoundpoll2012/voter/1118
Corneliu Porumboiu,director,Romania,Male,https://www2.bfi.org.uk/films-tv-people/sightandsoundpoll2012/voter/917
Sanjeewa Pushpakumara,director,Sri Lanka,Male,https://www2.bfi.org.uk/films-tv-people/sightandsoundpoll2012/voter/1159
William Raban,director,UK,Male,https://www2.bfi.org.uk/films-tv-people/sightandsoundpoll2012/voter/1199
Raqs Media Collective,director,India,,https://www2.bfi.org.uk/films-tv-people/sightandsoundpoll2012/voter/1138
Pen-Ek Ratanaruang,director,Thailand,Male,https://www2.bfi.org.uk/films-tv-people/sightandsoundpoll2012/voter/1117
Javier Rebollo,director,Spain,Male,https://www2.bfi.org.uk/films-tv-people/sightandsoundpoll2012/voter/985
Raymond Red,director,Philippines,Male,https://www2.bfi.org.uk/films-tv-people/sightandsoundpoll2012/voter/1141
Carlos Reygadas,director,Mexico,Male,https://www2.bfi.org.uk/films-tv-people/sightandsoundpoll2012/voter/905
Emily Richardson,director,UK,Female,https://www2.bfi.org.uk/films-tv-people/sightandsoundpoll2012/voter/937
Arturo Ripstein,director,Mexico,Male,https://www2.bfi.org.uk/films-tv-people/sightandsoundpoll2012/voter/885
Ben Rivers,director,UK,Male,https://www2.bfi.org.uk/films-tv-people/sightandsoundpoll2012/voter/897
Riri Riza,director,Indonesia,Male,https://www2.bfi.org.uk/films-tv-people/sightandsoundpoll2012/voter/1147
Bruce Robinson,director,UK,Male,https://www2.bfi.org.uk/films-tv-people/sightandsoundpoll2012/voter/904
Mark Romanek,director,US,Male,https://www2.bfi.org.uk/films-tv-people/sightandsoundpoll2012/voter/1055
Darrell James Roodt,director,South Africa,Male,https://www2.bfi.org.uk/films-tv-people/sightandsoundpoll2012/voter/924
Roee Rosen,director,Israel/US,Male,https://www2.bfi.org.uk/films-tv-people/sightandsoundpoll2012/voter/1150
Jean-Claude Rousseau,director,France,Male,https://www2.bfi.org.uk/films-tv-people/sightandsoundpoll2012/voter/987
Patricia Rozema,director,Canada,Female,https://www2.bfi.org.uk/films-tv-people/sightandsoundpoll2012/voter/1105
Simon Rumley,director,UK,Male,https://www2.bfi.org.uk/films-tv-people/sightandsoundpoll2012/voter/1170
Ben Russell,director,US,Male,https://www2.bfi.org.uk/films-tv-people/sightandsoundpoll2012/voter/898
David O. Russell,director,US,Male,https://www2.bfi.org.uk/films-tv-people/sightandsoundpoll2012/voter/928
Ira Sachs,director,US,Male,https://www2.bfi.org.uk/films-tv-people/sightandsoundpoll2012/voter/975
Benjamin Safdie,director,US,Male,https://www2.bfi.org.uk/films-tv-people/sightandsoundpoll2012/voter/900
Josh Safdie,director,US,Male,https://www2.bfi.org.uk/films-tv-people/sightandsoundpoll2012/voter/1009
Walter Salles,director,Brazil,Male,https://www2.bfi.org.uk/films-tv-people/sightandsoundpoll2012/voter/1194
Hong Sangsoo,director,South Korea,Male,https://www2.bfi.org.uk/films-tv-people/sightandsoundpoll2012/voter/972
Zina Saro-Wiwa,director,UK/Nigeria,Female,https://www2.bfi.org.uk/films-tv-people/sightandsoundpoll2012/voter/1203
Jean-Stephane Sauvaire,director,France,Male,https://www2.bfi.org.uk/films-tv-people/sightandsoundpoll2012/voter/990
Lone Scherfig,director,Denmark,Female,https://www2.bfi.org.uk/films-tv-people/sightandsoundpoll2012/voter/1038
Minky Schlesinger,director,South Africa,Female,https://www2.bfi.org.uk/films-tv-people/sightandsoundpoll2012/voter/1079
Oliver Schmitz,director,South Africa,Male,https://www2.bfi.org.uk/films-tv-people/sightandsoundpoll2012/voter/1098
Paul Schrader,director,US,Male,https://www2.bfi.org.uk/films-tv-people/sightandsoundpoll2012/voter/1111
Martin Scorsese,director,US,Male,https://www2.bfi.org.uk/films-tv-people/sightandsoundpoll2012/voter/1058
Ulrich Seidl,director,Austria,Male,https://www2.bfi.org.uk/films-tv-people/sightandsoundpoll2012/voter/1189
Allan Sekula,director,US,Male,https://www2.bfi.org.uk/films-tv-people/sightandsoundpoll2012/voter/858
Petra Seliskar,director,Slovenia,Female,https://www2.bfi.org.uk/films-tv-people/sightandsoundpoll2012/voter/1127
Farai Sevenzo,director,Zimbabwe,Male,https://www2.bfi.org.uk/films-tv-people/sightandsoundpoll2012/voter/944
Chris Shepherd,director,UK,Male,https://www2.bfi.org.uk/films-tv-people/sightandsoundpoll2012/voter/912
Shinji Aoyama,director,Japan,Male,https://www2.bfi.org.uk/films-tv-people/sightandsoundpoll2012/voter/1167
Cate Shortland,director,Australia,Female,https://www2.bfi.org.uk/films-tv-people/sightandsoundpoll2012/voter/907
Dāvis Sīmanis,director,Latvia,Male,https://www2.bfi.org.uk/films-tv-people/sightandsoundpoll2012/voter/930
Erik Skjoldbjærg,director,Norway,Male,https://www2.bfi.org.uk/films-tv-people/sightandsoundpoll2012/voter/940
Kazuhiro Soda,director,Japan/US,Male,https://www2.bfi.org.uk/films-tv-people/sightandsoundpoll2012/voter/1019
Sion Sono,director,Japan,Male,https://www2.bfi.org.uk/films-tv-people/sightandsoundpoll2012/voter/1171
Götz Spielmann,director,Austria,Male,https://www2.bfi.org.uk/films-tv-people/sightandsoundpoll2012/voter/959
Isabelle Stever,director,Germany,Female,https://www2.bfi.org.uk/films-tv-people/sightandsoundpoll2012/voter/976
Whit Stillman,director,US,Male,https://www2.bfi.org.uk/films-tv-people/sightandsoundpoll2012/voter/1197
Ruben Östlund,director,Sweden,Male,https://www2.bfi.org.uk/films-tv-people/sightandsoundpoll2012/voter/1155
Pablo Stoll,director,Uruguay,Male,https://www2.bfi.org.uk/films-tv-people/sightandsoundpoll2012/voter/1103
Audrius Stonys,director,Lithuania,Male,https://www2.bfi.org.uk/films-tv-people/sightandsoundpoll2012/voter/890
Peter Strickland,director,UK,Male,https://www2.bfi.org.uk/films-tv-people/sightandsoundpoll2012/voter/1122
Anocha Suwichakornpong,director,Thailand,Female,https://www2.bfi.org.uk/films-tv-people/sightandsoundpoll2012/voter/879
Jan Svěrák,director,Czech Republic,Male,https://www2.bfi.org.uk/films-tv-people/sightandsoundpoll2012/voter/982
Ognjen Svilicic,director,Croatia,Male,https://www2.bfi.org.uk/films-tv-people/sightandsoundpoll2012/voter/1096
Joe Swanberg,director,US,Male,https://www2.bfi.org.uk/films-tv-people/sightandsoundpoll2012/voter/998
Malgorzata Szumowska,director,Poland,Female,https://www2.bfi.org.uk/films-tv-people/sightandsoundpoll2012/voter/1044
Mika Taanila,director,Finland,Male,https://www2.bfi.org.uk/films-tv-people/sightandsoundpoll2012/voter/1072
Patrick Tam,director,Hong Kong,Male,https://www2.bfi.org.uk/films-tv-people/sightandsoundpoll2012/voter/1108
Quentin Tarantino,director,US,Male,https://www2.bfi.org.uk/films-tv-people/sightandsoundpoll2012/voter/1134
Gary Tarn,director,UK,Male,https://www2.bfi.org.uk/films-tv-people/sightandsoundpoll2012/voter/952
Béla Tarr,director,Hungary,Male,https://www2.bfi.org.uk/films-tv-people/sightandsoundpoll2012/voter/895
Rudolf Thome,director,Germany,Male,https://www2.bfi.org.uk/films-tv-people/sightandsoundpoll2012/voter/1156
Warwick Thornton,director,Australia,Male,https://www2.bfi.org.uk/films-tv-people/sightandsoundpoll2012/voter/1196
Jamie Thraves,director,UK,Male,https://www2.bfi.org.uk/films-tv-people/sightandsoundpoll2012/voter/981
Paul Tickell,director,UK,Male,https://www2.bfi.org.uk/films-tv-people/sightandsoundpoll2012/voter/1112
Gonçalo Tocha,director,Portugal,Male,https://www2.bfi.org.uk/films-tv-people/sightandsoundpoll2012/voter/958
Peter Todd,director,UK,Male,https://www2.bfi.org.uk/films-tv-people/sightandsoundpoll2012/voter/1123
Pimpaka Towira,director,Thailand,Female,https://www2.bfi.org.uk/films-tv-people/sightandsoundpoll2012/voter/1132
Pablo Trapero,director,Argentina,Male,https://www2.bfi.org.uk/films-tv-people/sightandsoundpoll2012/voter/1104
Joachim Trier,director,Norway,Male,https://www2.bfi.org.uk/films-tv-people/sightandsoundpoll2012/voter/995
Jan Troell,director,Sweden,Male,https://www2.bfi.org.uk/films-tv-people/sightandsoundpoll2012/voter/983
Athina Rachel Tsangari,director,Greece,Female,https://www2.bfi.org.uk/films-tv-people/sightandsoundpoll2012/voter/888
Peter Tscherkassky,director,Austria,Male,https://www2.bfi.org.uk/films-tv-people/sightandsoundpoll2012/voter/1124
Pema Tseden,director,Tibet,Male,https://www2.bfi.org.uk/films-tv-people/sightandsoundpoll2012/voter/1116
Ann Turner,director,Australia,Female,https://www2.bfi.org.uk/films-tv-people/sightandsoundpoll2012/voter/877
Sarah Turner,director,UK,Female,https://www2.bfi.org.uk/films-tv-people/sightandsoundpoll2012/voter/1162
Andrei Ujica,director,Romania,Male,https://www2.bfi.org.uk/films-tv-people/sightandsoundpoll2012/voter/864
Slobodan Valentinčič,director,Slovenia,Male,https://www2.bfi.org.uk/films-tv-people/sightandsoundpoll2012/voter/1172
Jean-Marc Vallée,director,Canada,Male,https://www2.bfi.org.uk/films-tv-people/sightandsoundpoll2012/voter/988
Matthew Vaughn,director,UK,Male,https://www2.bfi.org.uk/films-tv-people/sightandsoundpoll2012/voter/1061
Federico Veiroj,director,Uruguay,Male,https://www2.bfi.org.uk/films-tv-people/sightandsoundpoll2012/voter/945
Daniel V Villamediana,director,Spain,Male,https://www2.bfi.org.uk/films-tv-people/sightandsoundpoll2012/voter/923
Juan Villegas,director,Argentina,Male,https://www2.bfi.org.uk/films-tv-people/sightandsoundpoll2012/voter/1014
Paulino Viota,director,Spain,Male,https://www2.bfi.org.uk/films-tv-people/sightandsoundpoll2012/voter/1113
Peter von Bagh (director),director,Finland,Male,https://www2.bfi.org.uk/films-tv-people/sightandsoundpoll2012/voter/1125
Laura Waddington,director,UK,Female,https://www2.bfi.org.uk/films-tv-people/sightandsoundpoll2012/voter/1031
Emily Wardill,director,UK,Female,https://www2.bfi.org.uk/films-tv-people/sightandsoundpoll2012/voter/938
Gillian Wearing,director,UK,Female,https://www2.bfi.org.uk/films-tv-people/sightandsoundpoll2012/voter/956
Marc Webb,director,US,Male,https://www2.bfi.org.uk/films-tv-people/sightandsoundpoll2012/voter/1052
Apichatpong Weerasethakul,director,Thailand,Male,https://www2.bfi.org.uk/films-tv-people/sightandsoundpoll2012/voter/883
Maja Weiss,director,Slovenia,Female,https://www2.bfi.org.uk/films-tv-people/sightandsoundpoll2012/voter/1042
Zhu Wen,director,China,Male,https://www2.bfi.org.uk/films-tv-people/sightandsoundpoll2012/voter/1202
Peter Whitehead,director,UK,Male,https://www2.bfi.org.uk/films-tv-people/sightandsoundpoll2012/voter/1126
Billy Woodberry,director,US,Male,https://www2.bfi.org.uk/films-tv-people/sightandsoundpoll2012/voter/901
Richard Woolley,director,UK,Male,https://www2.bfi.org.uk/films-tv-people/sightandsoundpoll2012/voter/1146
Edgar Wright,director,UK,Male,https://www2.bfi.org.uk/films-tv-people/sightandsoundpoll2012/voter/934
Klaus Wyborny,director,Germany,Male,https://www2.bfi.org.uk/films-tv-people/sightandsoundpoll2012/voter/1025
Keren Yedaya,director,Israel,Female,https://www2.bfi.org.uk/films-tv-people/sightandsoundpoll2012/voter/1021
Ho Yuhang,director,Malaysia,Male,https://www2.bfi.org.uk/films-tv-people/sightandsoundpoll2012/voter/971
Krzysztof Zanussi,director,Poland,Male,https://www2.bfi.org.uk/films-tv-people/sightandsoundpoll2012/voter/1028
Alexander Zeldovich,director,Russia,Male,https://www2.bfi.org.uk/films-tv-people/sightandsoundpoll2012/voter/856
Chadi Zeneddine,director,Lebanon,Male,https://www2.bfi.org.uk/films-tv-people/sightandsoundpoll2012/voter/909
Cui Zi'en,director,China,Male,https://www2.bfi.org.uk/films-tv-people/sightandsoundpoll2012/voter/919
Andrzej Żuławski,director,Poland,Male,https://www2.bfi.org.uk/films-tv-people/sightandsoundpoll2012/voter/873
Andrey Zvyagintsev,director,Russia,Male,https://www2.bfi.org.uk/films-tv-people/sightandsoundpoll2012/voter/872
